employee_id,name,email,phone,department,salary
E001,John Smith,john.smith@company.com,9876543210,Engineering,75000
E002,Jane Doe,test@test.com,9999999999,Sales,65000
E003,Bob Johnson,bob.j@company.com,8765432109,Marketing,55000
E004,,alice@company.com,,HR,
E005,Charlie Brown,charlie.brown@company.com,7654321098,Engineering,80000
E006,Test User,test@test.com,9999999999,Finance,45000
E007,Diana Prince,diana.prince@company.com,6543210987,Operations,70000
E008,Eve Wilson,,9876543210,Sales,60000
E009,Frank Miller,frank.m@invalid,5432109876,Marketing,52000
E010,Grace Lee,grace.lee@company.com,4321098765,HR,58000
E011,John Smith,john.smith@company.com,9876543210,Engineering,75000
E012,Henry Davis,henry@company.com,-1,Finance,0
